Brand Name,Product Name,Original Price,Discounted Price,Percentage Discount
Bell,Bell  BLBHS 125  Bluetooth Bluetooth Earphone In Ear Powerfull Bass Red,1599.0,399.0,75.046904315197
Neo,Neo F9S EARBUDS Bluetooth True Wireless (TWS) On Ear 4 Hours Playback Active Noise cancellation IPX4(Splash & Sweat Proof) Assorted,1999.0,399.0,80.040020010005
boAt,"boAt Airdopes 131/138 Twin Wireless Earbuds with IWP Technology, Bluetooth V5.0, Immersive Audio, Up to 15H Total Playback, Instant Voice Assistant and Type-C Charging,Bluetooth Earphone (Cherry Blossom)",2990.0,1499.0,49.86622073578595
Life,Life Like Transparent With Led Type C True Wireless (TWS) In Ear 10 Hours Playback Powerfull bass IPX4(Splash & Sweat Proof) Pink,2499.0,699.0,72.02881152460985
boAt,boAt Airdopes 148  In Ear True Wireless (TWS) 42 Hours Playback IPX4(Splash & Sweat Proof) Powerfull bass -Bluetooth Black,4490.0,1499.0,66.61469933184854
boAt,boAt Airdopes 163 Bluetooth True Wireless (TWS) In Ear 40 Hours Playback Voice assistant IPX5(Splash & Sweat Proof) White,2490.0,1399.0,43.81526104417671
hitage,hitage HBT231Pro Bluetooth In Ear Bluetooth Headphone 10 Hours Playback IPX6(Water Resistant) Comfirtable in ear fit -Bluetooth V 5.0 Multicolor,499.0,379.0,24.04809619238477
Bell,Bell  BLBHS 185  Bluetooth Bluetooth Earphone In Ear Powerfull Bass Silver,3199.0,699.0,78.14942169427947
Bell,Bell - Wireless Bluetooth Headset,1599.0,499.0,68.79299562226392
Life,Life Like Transparent Type C True Wireless (TWS) In Ear 10 Hours Playback Powerfull bass IPX4(Splash & Sweat Proof) Purple,1999.0,519.0,74.03701850925462
boAt,boAt Airdopes 125 Bluetooth True Wireless (TWS) In Ear 50 Hours Playback Voice assistant IPX5(Splash & Sweat Proof) Black,4490.0,1399.0,68.84187082405346
boAt,boAt Airdopes 148  In Ear True Wireless (TWS) 42 Hours Playback IPX4(Splash & Sweat Proof) Powerfull bass -Bluetooth Cyan,4490.0,1499.0,66.61469933184854
hitage,hitage BTH386 Headphones In Ear Bluetooth Headphone 20 Hours Playback IPX5(Splash & Sweat Proof) Powerfull bass -Bluetooth V 5.0 Gray,1699.0,849.0,50.02942907592701
Bell,Bell - Wireless Bluetooth Headset,1599.0,499.0,68.79299562226392
AXL,AXL 02 Over Ear Wired Headphone 0 Hours Playback IPX4(Splash & Sweat Proof) Powerfull bass -Bluetooth Red,1299.0,399.0,69.28406466512702
boAt,boAt Airdopes 381 Green Chasing Star Neckband Wireless With Mic Headphones/Earphones Green,4990.0,2199.0,55.93186372745491
Boult,Boult Audio AirBass z40 In Ear True Wireless (TWS) 60 Hours Playback IPX4(Splash & Sweat Proof) Powerfull bass -Bluetooth Brown,4999.0,1499.0,70.01400280056012
Bell,Bell  BLBHS 153  Bluetooth Bluetooth Earphone In Ear Powerfull Bass Gray,1599.0,399.0,75.046904315197
boAt,boAt Airdopes 393ANC  In Ear True Wireless (TWS) 30 Hours Playback IPX5(Splash & Sweat Proof) Powerfull bass -Bluetooth Gray,4990.0,3299.0,33.88777555110221
Bell,Bell  BLBHS 175  Bluetooth Bluetooth Earphone In Ear Powerfull Bass Gray,1999.0,399.0,80.040020010005
Bell,Bell  BLBHS 125  Bluetooth Bluetooth Earphone In Ear Powerfull Bass Red,1599.0,399.0,75.046904315197
Neo,Neo F9S EARBUDS Bluetooth True Wireless (TWS) On Ear 4 Hours Playback Active Noise cancellation IPX4(Splash & Sweat Proof) Assorted,1999.0,399.0,80.040020010005
boAt,"boAt Airdopes 131/138 Twin Wireless Earbuds with IWP Technology, Bluetooth V5.0, Immersive Audio, Up to 15H Total Playback, Instant Voice Assistant and Type-C Charging,Bluetooth Earphone (Cherry Blossom)",2990.0,1499.0,49.86622073578595
Varni,"Varni B880 In Ear Wireless With Mic Bluetooth headphone /earphone/wireless earphone /headphone /ear headphones,NECKBAND Assorted",1999.0,499.0,75.03751875937968
Bell,Bell - Wireless Bluetooth Headset,1599.0,499.0,68.79299562226392
Life,Life Like Transparent With Led Type C True Wireless (TWS) In Ear 10 Hours Playback Powerfull bass IPX4(Splash & Sweat Proof) Pink,2499.0,699.0,72.02881152460985
Bell,Bell - Wireless Bluetooth Headset,3999.0,1099.0,72.51812953238309
boAt,boAt Airdopes 148  In Ear True Wireless (TWS) 42 Hours Playback IPX4(Splash & Sweat Proof) Powerfull bass -Bluetooth Black,4490.0,1499.0,66.61469933184854
FINGERS,FINGERS Beauté - Gun Grey Over Ear Wireless With Mic Headphones/Earphones Gray,2099.0,825.0,60.695569318723194
Bell,Bell  BLBHS 175  Bluetooth Bluetooth Earphone In Ear Powerfull Bass Gray,1999.0,399.0,80.040020010005
boAt,boAt Airdopes 163 Bluetooth True Wireless (TWS) In Ear 40 Hours Playback Voice assistant IPX5(Splash & Sweat Proof) White,2490.0,1399.0,43.81526104417671
FINGERS,FINGERS USB-Tonic H9 Over Ear Wired With Mic Headphones/Earphones Black,1999.0,1499.0,25.012506253126567
hitage,hitage BTH386 Headphones In Ear Bluetooth Headphone 20 Hours Playback IPX5(Splash & Sweat Proof) Powerfull bass -Bluetooth V 5.0 Gray,1699.0,849.0,50.02942907592701
Life,Life Like Transparent Type C True Wireless (TWS) In Ear 10 Hours Playback Powerfull bass IPX4(Splash & Sweat Proof) Black,1999.0,519.0,74.03701850925462
Bell,Bell BLHDP120A On Ear Headset with Mic Red,1399.0,379.0,72.90922087205146
Boult,Boult Audio AirBass z40 In Ear True Wireless (TWS) 60 Hours Playback IPX4(Splash & Sweat Proof) Powerfull bass -Bluetooth Brown,4999.0,1499.0,70.01400280056012
boAt,boAt Airdopes 381 Green Chasing Star Neckband Wireless With Mic Headphones/Earphones Green,4990.0,2199.0,55.93186372745491
FINGERS,FINGERS Superstar H6  Over Ear Wired With Mic Headphones/Earphones Black,1099.0,599.0,45.49590536851683
Life,Life Like Transparent Type C True Wireless (TWS) In Ear 10 Hours Playback Powerfull bass IPX4(Splash & Sweat Proof) Purple,1999.0,519.0,74.03701850925462
boAt,boAt Bassheads 103 On Ear Wired With Mic Headphones/Earphones Blue,1290.0,499.0,61.31782945736434
Bell,Bell  BLBHS 125  Bluetooth Bluetooth Earphone In Ear Powerfull Bass Red,1599.0,399.0,75.046904315197
Neo,Neo F9S EARBUDS Bluetooth True Wireless (TWS) On Ear 4 Hours Playback Active Noise cancellation IPX4(Splash & Sweat Proof) Assorted,1999.0,399.0,80.040020010005
boAt,"boAt Airdopes 131/138 Twin Wireless Earbuds with IWP Technology, Bluetooth V5.0, Immersive Audio, Up to 15H Total Playback, Instant Voice Assistant and Type-C Charging,Bluetooth Earphone (Cherry Blossom)",2990.0,1499.0,49.86622073578595
hitage,hitage NBT3276 BT Neckband In Ear Bluetooth Neckband 40 Hours Playback IPX4(Splash & Sweat Proof) Comfirtable in ear fit -Bluetooth V 5.0 Gray,1699.0,795.0,53.207769276044736
Life,Life Like Transparent With Led Type C True Wireless (TWS) In Ear 10 Hours Playback Powerfull bass IPX4(Splash & Sweat Proof) Pink,2499.0,699.0,72.02881152460985
boAt,boAt Rockerz 260  On Ear Bluetooth Headphone 10 Hours Playback IPX5(Splash & Sweat Proof) Powerfull bass -Bluetooth Purple,2499.0,1299.0,48.019207683073226
boAt,boAt Airdopes 163 Bluetooth True Wireless (TWS) In Ear 40 Hours Playback Voice assistant IPX5(Splash & Sweat Proof) White,2490.0,1399.0,43.81526104417671
hitage,hitage BTH386 Headphones In Ear Bluetooth Headphone 20 Hours Playback IPX5(Splash & Sweat Proof) Powerfull bass -Bluetooth V 5.0 Gray,1699.0,849.0,50.02942907592701
boAt,boAt Airdopes 148  In Ear True Wireless (TWS) 42 Hours Playback IPX4(Splash & Sweat Proof) Powerfull bass -Bluetooth Cyan,4490.0,1499.0,66.61469933184854
Life,Life Like Transparent Type C True Wireless (TWS) In Ear 10 Hours Playback Powerfull bass IPX4(Splash & Sweat Proof) Black,1999.0,519.0,74.03701850925462
Bell,Bell  BLBHS 175  Bluetooth Bluetooth Earphone In Ear Powerfull Bass Gray,1999.0,399.0,80.040020010005
Life,Life Like M5 Gaming With Led Type C True Wireless (TWS) In Ear 12 Hours Playback Fast charging IPX4(Splash & Sweat Proof) White,1999.0,699.0,65.03251625812906
Bell,Bell - Wireless Bluetooth Headset,1599.0,499.0,68.79299562226392
boAt,boAt Airdopes 148  In Ear True Wireless (TWS) 42 Hours Playback IPX4(Splash & Sweat Proof) Powerfull bass -Bluetooth Black,4490.0,1499.0,66.61469933184854
FINGERS,FINGERS USB-Tonic H9 Over Ear Wired With Mic Headphones/Earphones Black,1999.0,1499.0,25.012506253126567
AXL,AXL 02 Over Ear Wired Headphone 0 Hours Playback IPX4(Splash & Sweat Proof) Powerfull bass -Bluetooth Red,1299.0,399.0,69.28406466512702
Bell,Bell BLHDP120A On Ear Headset with Mic Brown,1399.0,379.0,72.90922087205146
boAt,boAt Immortal 128 Bluetooth True Wireless (TWS) In Ear 40 Hours Playback Voice assistant IPX4(Splash & Sweat Proof) White,3499.0,1499.0,57.15918833952558
Bell,Bell BLHDP115A On Ear Headset with Mic Black,1399.0,419.0,70.05003573981415
hitage,hitage HBT231Pro Bluetooth In Ear Bluetooth Headphone 10 Hours Playback IPX6(Water Resistant) Comfirtable in ear fit -Bluetooth V 5.0 Multicolor,499.0,379.0,24.04809619238477
Bell,Bell  BLBHS 125  Bluetooth Bluetooth Earphone In Ear Powerfull Bass Red,1599.0,399.0,75.046904315197
Neo,Neo F9S EARBUDS Bluetooth True Wireless (TWS) On Ear 4 Hours Playback Active Noise cancellation IPX4(Splash & Sweat Proof) Assorted,1999.0,399.0,80.040020010005
boAt,"boAt Airdopes 131/138 Twin Wireless Earbuds with IWP Technology, Bluetooth V5.0, Immersive Audio, Up to 15H Total Playback, Instant Voice Assistant and Type-C Charging,Bluetooth Earphone (Cherry Blossom)",2990.0,1499.0,49.86622073578595
Bell,Bell BLHDP120A On Ear Headset with Mic Brown,1399.0,379.0,72.90922087205146
boAt,boAt Airdopes 148  In Ear True Wireless (TWS) 42 Hours Playback IPX4(Splash & Sweat Proof) Powerfull bass -Bluetooth Black,4490.0,1499.0,66.61469933184854
boAt,boAt Airdopes 163 Bluetooth True Wireless (TWS) In Ear 40 Hours Playback Voice assistant IPX5(Splash & Sweat Proof) White,2490.0,1399.0,43.81526104417671
hitage,hitage BTH386 Headphones In Ear Bluetooth Headphone 20 Hours Playback IPX5(Splash & Sweat Proof) Powerfull bass -Bluetooth V 5.0 Gray,1699.0,849.0,50.02942907592701
FINGERS,FINGERS USB-Tonic H9 Over Ear Wired With Mic Headphones/Earphones Black,1999.0,1499.0,25.012506253126567
Life,Life Like Transparent With Led Type C True Wireless (TWS) In Ear 10 Hours Playback Powerfull bass IPX4(Splash & Sweat Proof) Pink,2499.0,699.0,72.02881152460985
AXL,AXL 02 Over Ear Wired Headphone 0 Hours Playback IPX4(Splash & Sweat Proof) Powerfull bass -Bluetooth Red,1299.0,399.0,69.28406466512702
Life,Life Like M5 Gaming With Led Type C True Wireless (TWS) In Ear 12 Hours Playback Fast charging IPX4(Splash & Sweat Proof) White,1999.0,699.0,65.03251625812906
Bell,Bell - Wireless Bluetooth Headset,1599.0,499.0,68.79299562226392
boAt,boAt Airdopes 148  In Ear True Wireless (TWS) 42 Hours Playback IPX4(Splash & Sweat Proof) Powerfull bass -Bluetooth Cyan,4490.0,1499.0,66.61469933184854
hitage,hitage NBT3276 BT Neckband In Ear Bluetooth Neckband 40 Hours Playback IPX4(Splash & Sweat Proof) Comfirtable in ear fit -Bluetooth V 5.0 Gray,1699.0,795.0,53.207769276044736
Life,Life Like Transparent Type C True Wireless (TWS) In Ear 10 Hours Playback Powerfull bass IPX4(Splash & Sweat Proof) Black,1999.0,519.0,74.03701850925462
Varni,"Varni B880 In Ear Wireless With Mic Bluetooth headphone /earphone/wireless earphone /headphone /ear headphones,NECKBAND Assorted",1999.0,499.0,75.03751875937968
boAt,boAt Immortal 128 Bluetooth True Wireless (TWS) In Ear 40 Hours Playback Voice assistant IPX4(Splash & Sweat Proof) White,3499.0,1499.0,57.15918833952558
VEhop,VEhop DOURO 12Hrs PlayTime with Mic Neckband Wireless With Mic Headphones/Earphones Assorted,1999.0,399.0,80.040020010005
Bell,Bell  BLBHS 175  Bluetooth Bluetooth Earphone In Ear Powerfull Bass Gray,1999.0,399.0,80.040020010005
boAt,boAt Airdopes 393ANC  In Ear True Wireless (TWS) 30 Hours Playback IPX5(Splash & Sweat Proof) Powerfull bass -Bluetooth Gray,4990.0,3299.0,33.88777555110221
Bell,Bell  BLBHS 125  Bluetooth Bluetooth Earphone In Ear Powerfull Bass Red,1599.0,399.0,75.046904315197
Neo,Neo F9S EARBUDS Bluetooth True Wireless (TWS) On Ear 4 Hours Playback Active Noise cancellation IPX4(Splash & Sweat Proof) Assorted,1999.0,399.0,80.040020010005
boAt,"boAt Airdopes 131/138 Twin Wireless Earbuds with IWP Technology, Bluetooth V5.0, Immersive Audio, Up to 15H Total Playback, Instant Voice Assistant and Type-C Charging,Bluetooth Earphone (Cherry Blossom)",2990.0,1499.0,49.86622073578595
Life,Life Like Transparent With Led Type C True Wireless (TWS) In Ear 10 Hours Playback Powerfull bass IPX4(Splash & Sweat Proof) Pink,2499.0,699.0,72.02881152460985
Varni,"Varni B880 In Ear Wireless With Mic Bluetooth headphone /earphone/wireless earphone /headphone /ear headphones,NECKBAND Assorted",1999.0,499.0,75.03751875937968
boAt,boAt Airdopes 163 Bluetooth True Wireless (TWS) In Ear 40 Hours Playback Voice assistant IPX5(Splash & Sweat Proof) White,2490.0,1399.0,43.81526104417671
boAt,boAt Airdopes 393ANC  In Ear True Wireless (TWS) 30 Hours Playback IPX5(Splash & Sweat Proof) Powerfull bass -Bluetooth Black,4990.0,3299.0,33.88777555110221
VEhop,VEhop DOURO 12Hrs PlayTime with Mic Neckband Wireless With Mic Headphones/Earphones Assorted,1999.0,399.0,80.040020010005
Bell,Bell BLHDP120A On Ear Headset with Mic Brown,1399.0,379.0,72.90922087205146
hitage,hitage BTH386 Headphones In Ear Bluetooth Headphone 20 Hours Playback IPX5(Splash & Sweat Proof) Powerfull bass -Bluetooth V 5.0 Gray,1699.0,849.0,50.02942907592701
Life,Life Like M5 Gaming With Led Type C True Wireless (TWS) In Ear 12 Hours Playback Fast charging IPX4(Splash & Sweat Proof) White,1999.0,699.0,65.03251625812906
Boult,Boult Audio X45 In Ear True Wireless (TWS) 40 Hours Playback IPX5(Splash & Sweat Proof) Powerfull bass -Bluetooth V 5.3 Green,4999.0,1499.0,70.01400280056012
AXL,AXL 02 Over Ear Wired Headphone 0 Hours Playback IPX4(Splash & Sweat Proof) Powerfull bass -Bluetooth Red,1299.0,399.0,69.28406466512702
Bell,Bell - Wireless Bluetooth Headset,4499.0,1299.0,71.12691709268726
boAt,boAt Immortal 128 Bluetooth True Wireless (TWS) In Ear 40 Hours Playback Voice assistant IPX4(Splash & Sweat Proof) White,3499.0,1499.0,57.15918833952558
TUNE,TUNE AUDIO Star ( BR-102) Upto 18 Hours Music Playback Music Over Ear Bluetooth Neckband Ipx5(Splash & Sweat Proof) Passive Noise Cancellation For All Android Phone Headphone And Earphone,4999.0,499.0,90.01800360072014
boAt,boAt Rockerz 260  On Ear Bluetooth Headphone 10 Hours Playback IPX5(Splash & Sweat Proof) Powerfull bass -Bluetooth Purple,2499.0,1299.0,48.019207683073226
Boult,Boult Audio AirBass z40 In Ear True Wireless (TWS) 60 Hours Playback IPX4(Splash & Sweat Proof) Powerfull bass -Bluetooth Brown,4999.0,1499.0,70.01400280056012
Bell,Bell - Wireless Bluetooth Headset,1599.0,499.0,68.79299562226392
Gionee,Gionee EBT6W In Ear Bluetooth Neckband 12 Hours Playback IPX4(Splash & Sweat Proof) Powerfull bass -Bluetooth V 5.0 Gray,1599.0,799.0,50.03126954346466
Bell,Bell  BLBHS 125  Bluetooth Bluetooth Earphone In Ear Powerfull Bass Red,1599.0,399.0,75.046904315197
Neo,Neo F9S EARBUDS Bluetooth True Wireless (TWS) On Ear 4 Hours Playback Active Noise cancellation IPX4(Splash & Sweat Proof) Assorted,1999.0,399.0,80.040020010005
boAt,"boAt Airdopes 131/138 Twin Wireless Earbuds with IWP Technology, Bluetooth V5.0, Immersive Audio, Up to 15H Total Playback, Instant Voice Assistant and Type-C Charging,Bluetooth Earphone (Cherry Blossom)",2990.0,1499.0,49.86622073578595
Life,Life Like Transparent With Led Type C True Wireless (TWS) In Ear 10 Hours Playback Powerfull bass IPX4(Splash & Sweat Proof) Pink,2499.0,699.0,72.02881152460985
boAt,boAt Airdopes 393ANC  In Ear True Wireless (TWS) 30 Hours Playback IPX5(Splash & Sweat Proof) Powerfull bass -Bluetooth Black,4990.0,3299.0,33.88777555110221
Bell,Bell - Wireless Bluetooth Headset,3999.0,1099.0,72.51812953238309
FINGERS,FINGERS Superstar H6  Over Ear Wired With Mic Headphones/Earphones Black,1099.0,599.0,45.49590536851683
Bell,Bell  BLBHS 180  Bluetooth Bluetooth Earphone In Ear Powerfull Bass Red,2999.0,699.0,76.69223074358119
hitage,hitage BTH386 Headphones In Ear Bluetooth Headphone 20 Hours Playback IPX5(Splash & Sweat Proof) Powerfull bass -Bluetooth V 5.0 Gray,1699.0,849.0,50.02942907592701
Bell,Bell BLHDP120A On Ear Headset with Mic Brown,1399.0,379.0,72.90922087205146
boAt,boAt Airdopes 148  In Ear True Wireless (TWS) 42 Hours Playback IPX4(Splash & Sweat Proof) Powerfull bass -Bluetooth Cyan,4490.0,1499.0,66.61469933184854
boAt,boAt Immortal 128 Bluetooth True Wireless (TWS) In Ear 40 Hours Playback Voice assistant IPX4(Splash & Sweat Proof) White,3499.0,1499.0,57.15918833952558
Bell,Bell - Wireless Bluetooth Headset,3699.0,999.0,72.99270072992701
Boult,Boult Audio AirBass z40 In Ear True Wireless (TWS) 60 Hours Playback IPX4(Splash & Sweat Proof) Powerfull bass -Bluetooth Brown,4999.0,1499.0,70.01400280056012
Bell,Bell - Wireless Bluetooth Headset,1599.0,499.0,68.79299562226392
Life,Life Like Transparent Type C True Wireless (TWS) In Ear 10 Hours Playback Powerfull bass IPX4(Splash & Sweat Proof) Black,1999.0,519.0,74.03701850925462
boAt,boAt Airdopes 148  In Ear True Wireless (TWS) 42 Hours Playback IPX4(Splash & Sweat Proof) Powerfull bass -Bluetooth Black,4490.0,1499.0,66.61469933184854
Life,Life Like Transparent Type C True Wireless (TWS) In Ear 10 Hours Playback Powerfull bass IPX4(Splash & Sweat Proof) Purple,1999.0,519.0,74.03701850925462
boAt,boAt Rockerz 255 Touch Bluetooth Bluetooth Neckband In Ear 30 Hours Playback Voice assistant IPX5(Splash & Sweat Proof) Green,4990.0,1499.0,69.95991983967936
Bell,Bell  BLBHS 175  Bluetooth Bluetooth Earphone In Ear Powerfull Bass Gray,1999.0,399.0,80.040020010005
Bell,Bell  BLBHS 125  Bluetooth Bluetooth Earphone In Ear Powerfull Bass Red,1599.0,399.0,75.046904315197
Neo,Neo F9S EARBUDS Bluetooth True Wireless (TWS) On Ear 4 Hours Playback Active Noise cancellation IPX4(Splash & Sweat Proof) Assorted,1999.0,399.0,80.040020010005
boAt,"boAt Airdopes 131/138 Twin Wireless Earbuds with IWP Technology, Bluetooth V5.0, Immersive Audio, Up to 15H Total Playback, Instant Voice Assistant and Type-C Charging,Bluetooth Earphone (Cherry Blossom)",2990.0,1499.0,49.86622073578595
Bell,Bell - Wireless Bluetooth Headset,1599.0,499.0,68.79299562226392
boAt,boAt Airdopes 148  In Ear True Wireless (TWS) 42 Hours Playback IPX4(Splash & Sweat Proof) Powerfull bass -Bluetooth Black,4490.0,1499.0,66.61469933184854
Life,Life Like Transparent With Led Type C True Wireless (TWS) In Ear 10 Hours Playback Powerfull bass IPX4(Splash & Sweat Proof) Pink,2499.0,699.0,72.02881152460985
boAt,boAt Airdopes 148  In Ear True Wireless (TWS) 42 Hours Playback IPX4(Splash & Sweat Proof) Powerfull bass -Bluetooth Cyan,4490.0,1499.0,66.61469933184854
Bell,Bell  BLBHS 175  Bluetooth Bluetooth Earphone In Ear Powerfull Bass Gray,1999.0,399.0,80.040020010005
hitage,hitage NBT3276 BT Neckband In Ear Bluetooth Neckband 40 Hours Playback IPX4(Splash & Sweat Proof) Comfirtable in ear fit -Bluetooth V 5.0 Gray,1699.0,795.0,53.207769276044736
boAt,boAt Airdopes 125 Bluetooth True Wireless (TWS) In Ear 50 Hours Playback Voice assistant IPX5(Splash & Sweat Proof) Black,4490.0,1399.0,68.84187082405346
hitage,hitage HBT231Pro Bluetooth In Ear Bluetooth Headphone 10 Hours Playback IPX6(Water Resistant) Comfirtable in ear fit -Bluetooth V 5.0 Multicolor,499.0,379.0,24.04809619238477
FINGERS,FINGERS Beauté - Gun Grey Over Ear Wireless With Mic Headphones/Earphones Gray,2099.0,825.0,60.695569318723194
Life,Life Like Transparent Type C True Wireless (TWS) In Ear 10 Hours Playback Powerfull bass IPX4(Splash & Sweat Proof) Purple,1999.0,519.0,74.03701850925462
Bell,Bell  BLBH S055  Bluetooth Bluetooth Earphone In Ear Powerfull Bass Gray,2599.0,591.0,77.26048480184686
boAt,boAt Airdopes 163 Bluetooth True Wireless (TWS) In Ear 40 Hours Playback Voice assistant IPX5(Splash & Sweat Proof) White,2490.0,1399.0,43.81526104417671
Bell,Bell BLHDP120A On Ear Headset with Mic Brown,1399.0,379.0,72.90922087205146
Life,Life Like Transparent Type C True Wireless (TWS) In Ear 10 Hours Playback Powerfull bass IPX4(Splash & Sweat Proof) Pink,1999.0,519.0,74.03701850925462
Boult,Boult Audio AirBass z40 In Ear True Wireless (TWS) 60 Hours Playback IPX4(Splash & Sweat Proof) Powerfull bass -Bluetooth Brown,4999.0,1499.0,70.01400280056012
hitage,hitage BTH386 Headphones In Ear Bluetooth Headphone 20 Hours Playback IPX5(Splash & Sweat Proof) Powerfull bass -Bluetooth V 5.0 Gray,1699.0,849.0,50.02942907592701
Neo,Neo M100 EARHOOK Bluetooth True Wireless (TWS) On Ear 50 Hours Playback Active Noise cancellation IPX4(Splash & Sweat Proof) Black,1999.0,625.0,68.7343671835918
Bell,Bell  BLBHS 125  Bluetooth Bluetooth Earphone In Ear Powerfull Bass Red,1599.0,399.0,75.046904315197
Neo,Neo F9S EARBUDS Bluetooth True Wireless (TWS) On Ear 4 Hours Playback Active Noise cancellation IPX4(Splash & Sweat Proof) Assorted,1999.0,399.0,80.040020010005
boAt,"boAt Airdopes 131/138 Twin Wireless Earbuds with IWP Technology, Bluetooth V5.0, Immersive Audio, Up to 15H Total Playback, Instant Voice Assistant and Type-C Charging,Bluetooth Earphone (Cherry Blossom)",2990.0,1499.0,49.86622073578595
Life,Life Like Transparent With Led Type C True Wireless (TWS) In Ear 10 Hours Playback Powerfull bass IPX4(Splash & Sweat Proof) Pink,2499.0,699.0,72.02881152460985
boAt,boAt Airdopes 148  In Ear True Wireless (TWS) 42 Hours Playback IPX4(Splash & Sweat Proof) Powerfull bass -Bluetooth Black,4490.0,1499.0,66.61469933184854
boAt,boAt Airdopes 163 Bluetooth True Wireless (TWS) In Ear 40 Hours Playback Voice assistant IPX5(Splash & Sweat Proof) White,2490.0,1399.0,43.81526104417671
hitage,hitage HBT231Pro Bluetooth In Ear Bluetooth Headphone 10 Hours Playback IPX6(Water Resistant) Comfirtable in ear fit -Bluetooth V 5.0 Multicolor,499.0,379.0,24.04809619238477
Bell,Bell  BLBHS 185  Bluetooth Bluetooth Earphone In Ear Powerfull Bass Silver,3199.0,699.0,78.14942169427947
Bell,Bell - Wireless Bluetooth Headset,1599.0,499.0,68.79299562226392
Life,Life Like Transparent Type C True Wireless (TWS) In Ear 10 Hours Playback Powerfull bass IPX4(Splash & Sweat Proof) Purple,1999.0,519.0,74.03701850925462
boAt,boAt Airdopes 125 Bluetooth True Wireless (TWS) In Ear 50 Hours Playback Voice assistant IPX5(Splash & Sweat Proof) Black,4490.0,1399.0,68.84187082405346
boAt,boAt Airdopes 148  In Ear True Wireless (TWS) 42 Hours Playback IPX4(Splash & Sweat Proof) Powerfull bass -Bluetooth Cyan,4490.0,1499.0,66.61469933184854
hitage,hitage BTH386 Headphones In Ear Bluetooth Headphone 20 Hours Playback IPX5(Splash & Sweat Proof) Powerfull bass -Bluetooth V 5.0 Gray,1699.0,849.0,50.02942907592701
Bell,Bell - Wireless Bluetooth Headset,1599.0,499.0,68.79299562226392
AXL,AXL 02 Over Ear Wired Headphone 0 Hours Playback IPX4(Splash & Sweat Proof) Powerfull bass -Bluetooth Red,1299.0,399.0,69.28406466512702
boAt,boAt Airdopes 381 Green Chasing Star Neckband Wireless With Mic Headphones/Earphones Green,4990.0,2199.0,55.93186372745491
Boult,Boult Audio AirBass z40 In Ear True Wireless (TWS) 60 Hours Playback IPX4(Splash & Sweat Proof) Powerfull bass -Bluetooth Brown,4999.0,1499.0,70.01400280056012
Bell,Bell  BLBHS 153  Bluetooth Bluetooth Earphone In Ear Powerfull Bass Gray,1599.0,399.0,75.046904315197
boAt,boAt Airdopes 393ANC  In Ear True Wireless (TWS) 30 Hours Playback IPX5(Splash & Sweat Proof) Powerfull bass -Bluetooth Gray,4990.0,3299.0,33.88777555110221
Bell,Bell  BLBHS 175  Bluetooth Bluetooth Earphone In Ear Powerfull Bass Gray,1999.0,399.0,80.040020010005
Bell,Bell  BLBHS 125  Bluetooth Bluetooth Earphone In Ear Powerfull Bass Red,1599.0,399.0,75.046904315197
Neo,Neo F9S EARBUDS Bluetooth True Wireless (TWS) On Ear 4 Hours Playback Active Noise cancellation IPX4(Splash & Sweat Proof) Assorted,1999.0,399.0,80.040020010005
boAt,"boAt Airdopes 131/138 Twin Wireless Earbuds with IWP Technology, Bluetooth V5.0, Immersive Audio, Up to 15H Total Playback, Instant Voice Assistant and Type-C Charging,Bluetooth Earphone (Cherry Blossom)",2990.0,1499.0,49.86622073578595
Life,Life Like Transparent With Led Type C True Wireless (TWS) In Ear 10 Hours Playback Powerfull bass IPX4(Splash & Sweat Proof) Pink,2499.0,699.0,72.02881152460985
boAt,boAt Airdopes 393ANC  In Ear True Wireless (TWS) 30 Hours Playback IPX5(Splash & Sweat Proof) Powerfull bass -Bluetooth Black,4990.0,3299.0,33.88777555110221
Bell,Bell - Wireless Bluetooth Headset,3999.0,1099.0,72.51812953238309
FINGERS,FINGERS Superstar H6  Over Ear Wired With Mic Headphones/Earphones Black,1099.0,599.0,45.49590536851683
Bell,Bell  BLBHS 180  Bluetooth Bluetooth Earphone In Ear Powerfull Bass Red,2999.0,699.0,76.69223074358119
hitage,hitage BTH386 Headphones In Ear Bluetooth Headphone 20 Hours Playback IPX5(Splash & Sweat Proof) Powerfull bass -Bluetooth V 5.0 Gray,1699.0,849.0,50.02942907592701
Bell,Bell BLHDP120A On Ear Headset with Mic Brown,1399.0,379.0,72.90922087205146
boAt,boAt Airdopes 148  In Ear True Wireless (TWS) 42 Hours Playback IPX4(Splash & Sweat Proof) Powerfull bass -Bluetooth Cyan,4490.0,1499.0,66.61469933184854
boAt,boAt Immortal 128 Bluetooth True Wireless (TWS) In Ear 40 Hours Playback Voice assistant IPX4(Splash & Sweat Proof) White,3499.0,1499.0,57.15918833952558
Bell,Bell - Wireless Bluetooth Headset,3699.0,999.0,72.99270072992701
Boult,Boult Audio AirBass z40 In Ear True Wireless (TWS) 60 Hours Playback IPX4(Splash & Sweat Proof) Powerfull bass -Bluetooth Brown,4999.0,1499.0,70.01400280056012
Bell,Bell - Wireless Bluetooth Headset,1599.0,499.0,68.79299562226392
Life,Life Like Transparent Type C True Wireless (TWS) In Ear 10 Hours Playback Powerfull bass IPX4(Splash & Sweat Proof) Black,1999.0,519.0,74.03701850925462
boAt,boAt Airdopes 148  In Ear True Wireless (TWS) 42 Hours Playback IPX4(Splash & Sweat Proof) Powerfull bass -Bluetooth Black,4490.0,1499.0,66.61469933184854
Life,Life Like Transparent Type C True Wireless (TWS) In Ear 10 Hours Playback Powerfull bass IPX4(Splash & Sweat Proof) Purple,1999.0,519.0,74.03701850925462
boAt,boAt Rockerz 255 Touch Bluetooth Bluetooth Neckband In Ear 30 Hours Playback Voice assistant IPX5(Splash & Sweat Proof) Green,4990.0,1499.0,69.95991983967936
Bell,Bell  BLBHS 175  Bluetooth Bluetooth Earphone In Ear Powerfull Bass Gray,1999.0,399.0,80.040020010005
Bell,Bell  BLBHS 125  Bluetooth Bluetooth Earphone In Ear Powerfull Bass Red,1599.0,399.0,75.046904315197
Neo,Neo F9S EARBUDS Bluetooth True Wireless (TWS) On Ear 4 Hours Playback Active Noise cancellation IPX4(Splash & Sweat Proof) Assorted,1999.0,399.0,80.040020010005
boAt,"boAt Airdopes 131/138 Twin Wireless Earbuds with IWP Technology, Bluetooth V5.0, Immersive Audio, Up to 15H Total Playback, Instant Voice Assistant and Type-C Charging,Bluetooth Earphone (Cherry Blossom)",2990.0,1499.0,49.86622073578595
boAt,boAt Airdopes 148  In Ear True Wireless (TWS) 42 Hours Playback IPX4(Splash & Sweat Proof) Powerfull bass -Bluetooth Black,4490.0,1499.0,66.61469933184854
hitage,hitage BTH386 Headphones In Ear Bluetooth Headphone 20 Hours Playback IPX5(Splash & Sweat Proof) Powerfull bass -Bluetooth V 5.0 Gray,1699.0,849.0,50.02942907592701
boAt,boAt Airdopes 163 Bluetooth True Wireless (TWS) In Ear 40 Hours Playback Voice assistant IPX5(Splash & Sweat Proof) White,2490.0,1399.0,43.81526104417671
boAt,boAt Airdopes 148  In Ear True Wireless (TWS) 42 Hours Playback IPX4(Splash & Sweat Proof) Powerfull bass -Bluetooth Cyan,4490.0,1499.0,66.61469933184854
Bell,Bell  BLBHS 175  Bluetooth Bluetooth Earphone In Ear Powerfull Bass Gray,1999.0,399.0,80.040020010005
Life,Life Like Transparent With Led Type C True Wireless (TWS) In Ear 10 Hours Playback Powerfull bass IPX4(Splash & Sweat Proof) Pink,2499.0,699.0,72.02881152460985
boAt,boAt Bassheads 105 On Ear Wired With Mic Headphones/Earphones Black,999.0,449.0,55.05505505505506
Boult,Boult Audio AirBass z40 In Ear True Wireless (TWS) 60 Hours Playback IPX4(Splash & Sweat Proof) Powerfull bass -Bluetooth Brown,4999.0,1499.0,70.01400280056012
Bell,Bell  BLBHS 185  Bluetooth Bluetooth Earphone In Ear Powerfull Bass Silver,3199.0,699.0,78.14942169427947
boAt,boAt Airdopes 393ANC  In Ear True Wireless (TWS) 30 Hours Playback IPX5(Splash & Sweat Proof) Powerfull bass -Bluetooth Gray,4990.0,3299.0,33.88777555110221
hitage,hitage HBT231Pro Bluetooth In Ear Bluetooth Headphone 10 Hours Playback IPX6(Water Resistant) Comfirtable in ear fit -Bluetooth V 5.0 Multicolor,499.0,379.0,24.04809619238477
Bell,Bell BLHDP120A On Ear Headset with Mic Brown,1399.0,379.0,72.90922087205146
FINGERS,FINGERS USB-Tonic H9 Over Ear Wired With Mic Headphones/Earphones Black,1999.0,1499.0,25.012506253126567
Bell,Bell - Wireless Bluetooth Headset,1599.0,499.0,68.79299562226392
Life,Life Like Transparent Type C True Wireless (TWS) In Ear 10 Hours Playback Powerfull bass IPX4(Splash & Sweat Proof) Black,1999.0,519.0,74.03701850925462
Bell,Bell - Wireless Bluetooth Headset,3999.0,1099.0,72.51812953238309
Neo,Neo M100 EARHOOK Bluetooth True Wireless (TWS) On Ear 50 Hours Playback Active Noise cancellation IPX4(Splash & Sweat Proof) Black,1999.0,625.0,68.7343671835918
